|Marihuana|
200
**SUPERHelen**
Очки
DominosZ
145
Katolik
196
DominosZ
181
DambLDoR
128
DambLDoR
188
T@nk
108
Тудор
58
Макыс
136
zabu
128
walmau 6altau
146
**SUPERHelen**
125
**SUPERHelen**
111
Katolik
140
**SUPERHelen**
104
dodid
114
walmau 6altau
100
~Бармалей~
48
Тудор
113
*Милка
110
DIMolition
96
DomInatoR.
103
DomInatoR.
97
~Бармалей~
113
Katolik
102
бешка-бебешка_
113
Fon Dorf
98
Зверь Это Я
43
StasLz42
100
walmau 6altau
63
StasLz42
89
Katolik
86
DominosZ
88
**SUPERHelen**
110
THE MECHANIC
82
**SUPERHelen**
88
StasLz42
92
walmau 6altau
42
walmau 6altau
85
Fon Dorf
62
Макыс
80
walmau 6altau
78
*Милка
75
Бродвей
74
Ruslan)
43
Катберт
85
бешка-бебешка_
88
StasLz42
40
DambLDoR
83
**SUPERHelen**
44
Bape}||{ka
54
|Marihuana|
74
Ruslan)
71
Катберт
55
Ван Хелсинг
39
Fon Dorf
75
Тудор
77
DIMolition
39
Зверь Это Я
73
Макыс
42
NeXTY
52
Knowhere
67
Fon Dorf
69
Fon Dorf
53
Kerberos
39
ASCENDANT
63
DambLDoR
77
Макыс
30
бешка-бебешка_
71
Kerberos
38
Fon Dorf
41
Катберт
66
Ice flame
65
Kerberos
46
бешка-бебешка_
32
danilRoman
56
Bravan
68
NeXTY
30
NeXTY
66
бешка-бебешка_
27
Bravan
38
Bravan
58
GoldGirl.
56
GoldGirl.
43
NeXTY
31
BarDuck
50
ASCENDANT
65
Бродвей
28
DomInatoR.
59
ASCENDANT
27
zabu
37
Макыс
52
NeXTY
55
DomInatoR.
42
Fon Dorf
28
DomInatoR.
48
Катберт
61
**SUPERHelen**
23
Fon Dorf
54
NeXTY
26
Katolik
37
DambLDoR
51
DambLDoR
48
DIMolition
41
Бродвей
28
Kerberos
41
**SUPERHelen**
61
Fon Dorf
22
*Милка
52
DambLDoR
25
Kerberos
37
Ласт Перейро
46
Kerberos
48
Pyrojok
38
GoldGirl.
26
T@nk
32
zabu
51
Katolik
22
T@nk
48
Ice flame
23
ASCENDANT
31
StasLz42
45
-Brain-
43
-Brain-
36
DIMolition
21
Бродвей
31
DominosZ
51
-Brain-
21
zabu
43
~DROSSEL~
19
Ласт Перейро
30
~Бармалей~
44
walmau 6altau
33
~DROSSEL~
35
К@манчик
21
Димсонхрендель
30
Ruslan)
46
Ruslan)
19
~Бармалей~
42
Bravan
17
dodid
28
zabu
42
Bape}||{ka
32
THE MECHANIC
34
walmau 6altau
19
Ван Хелсинг
29
~DROSSEL~
45
d_MIX_b
19
DIMolition
41
Бродвей
16
Бродвей
27
Fon Dorf
41
T@nk
30
walmau 6altau
33
dodid
19
~DROSSEL~
28
Kerberos
44
Kerberos
18
-Brain-
40
Pyrojok
16
DominosZ
22
Ruslan)
35
DIMolition
27
Ice flame
33
Димсонхрендель
18
Макыс
26
Макыс
42
T@nk
16
~DROSSEL~
40
Ван Хелсинг
12
Pyrojok
22
DIMolition
33
Катберт
27
К@манчик
31
BarDuck
18
barantya
25
dodid
40
Bravan
16
Ragnar Lodbrok
38
Димсонхрендель
12
Ice flame
21
бешка-бебешка_
33
~DROSSEL~
27
бешка-бебешка_
30
~Бармалей~
17
Ice flame
25
-Brain-
39
Knowhere
16
Бродвей
35
danilRoman
12
К@манчик
18
NeXTY
32
dodid
24
Bravan
30
Макыс
16
-Brain-
17
Зверь Это Я
31
бешка-бебешка_
15
Bravan
33
-Brain-
9
хранитель)
16
Ice flame
30
Bravan
23
Bape}||{ka
29
*Милка
16
К@манчик
17
Бродвей
30
Mental1tet
15
GoldGirl.
33
метрономикс
7
метрономикс
16
Pyrojok
30
Макыс
22
dodid
28
Bape}||{ka
16
zabu
17
Ice flame
29
zabu
15
danilRoman
32
T@nk
6
-Brain-
13
Kerberos
26
~Бармалей~
22
Ruslan)
26
DomInatoR.
15
StasLz42
16
d_MIX_b
29
Pyrojok
15
Mental1tet
30
:Сотофа Ханемер:
6
~DROSSEL~
12
T@nk
25
Бродвей
20
NeXTY
25
~DROSSEL~
14
Зверь Это Я
14
Mental1tet
26
~DROSSEL~
14
Kerberos
29
*МАРТИНА*
6
Knowhere
10
~DROSSEL~
23
метрономикс
17
Макыс
23
метрономикс
12
walmau 6altau
13
GoldGirl.
26
Bape}||{ka
14
*МАРТИНА*
26
Bape}||{ka
6
BarDuck
8
-Brain-
22
Pyrojok
16
*Милка
22
-Brain-
11
Bravan
13
DomInatoR.
22
*Kronos*
12
dodid
24
хранитель)
5
:Сотофа Ханемер:
7
метрономикс
22
StasLz42
15
d_MIX_b
20
DominosZ
10
*Милка
12
К@манчик
21
DominosZ
11
К@манчик
23
Очень синяя борода
4
*МАРТИНА*
6
*Милка
22
Ван Хелсинг
13
StasLz42
18
Bravan
9
Knowhere
10
Sollia
20
Chokkolatta
10
метрономикс
23
Kseya
4
GoldGirl.
6
Bape}||{ka
22
danilRoman
13
~КоВбоЙ ХаГиС~
16
Pyrojok
8
d_MIX_b
10
NeXTY
19
danilRoman
8
Ice flame
21
DYNA
4
Kseya
6
К@манчик
21
Димсонхрендель
10
danilRoman
15
barantya
7
Pyrojok
10
Pyrojok
18
dodid
8
Ruslan)
21
Mental1tet
4
Зверь Это Я
5
~КоВбоЙ ХаГиС~
18
ASCENDANT
8
zabu
15
danilRoman
7
THE MECHANIC
9
Kseya
17
THE MECHANIC
7
Димсонхрендель
18
_Фея Лана_
4
Димсонхрендель
5
GoldGirl.
16
Mental1tet
8
метрономикс
15
~КоВбоЙ ХаГиС~
7
метрономикс
9
Knowhere
16
_Фея Лана_
7
ASCENDANT
17
GoldGirl.
3
*Kronos*
4
Бродвей
16
~Мальвина~
6
Димсонхрендель
14
StasLz42
6
Bape}||{ka
9
метрономикс
15
ASCENDANT
6
**SUPERHelen**
17
Jateed
3
~Бармалей~
4
Димсонхрендель
14
Зверь Это Я
4
*МАРТИНА*
11
Катберт
5
Katolik
7
BarDuck
14
К@манчик
6
Pyrojok
16
DIMolition
2
DomInatoR.
4
*Kronos*
14
бешка-бебешка_
3
BarDuck
11
Mental1tet
5
~КоВбоЙ ХаГиС~
6
Katolik
13
DambLDoR
6
Bape}||{ka
15
Ragnar Lodbrok
2
Ван Хелсинг
3
Kseya
13
Ragnar Lodbrok
3
Knowhere
6
*Kronos*
4
GoldGirl.
6
Bape}||{ka
13
#ОШИБКА!
5
Kseya
14
DomInatoR.
2
danilRoman
3
BarDuck
13
DYNA
3
Ragnar Lodbrok
5
Ice flame
3
*Kronos*
6
THE MECHANIC
12
DomInatoR.
4
~КоВбоЙ ХаГиС~
14
~КоВбоЙ ХаГиС~
2
DYNA
3
d_MIX_b
12
К@манчик
3
DambLDoR
5
Knowhere
3
NeXTY
6
DIMolition
11
Димсонхрендель
4
~Мальвина~
14
-Шоколадка-
2
Mental1tet
3
ASCENDANT
9
BarDuck
3
ASCENDANT
4
ASCENDANT
3
*МАРТИНА*
5
*Kronos*
11
~КоВбоЙ ХаГиС~
4
d_MIX_b
12
*Kronos*
2
Очень синяя борода
3
Зверь Это Я
7
barantya
2
Mental1tet
4
d_MIX_b
3
DIMolition
4
Очень синяя борода
9
~Мальвина~
4
*Kronos*
12
Katolik
2
бешка-бебешка_
2
:Сотофа Ханемер:
6
Knowhere
2
Зверь Это Я
4
~Мальвина~
3
DominosZ
4
barantya
9
barantya
3
Chokkolatta
11
Sollia
2
Ragnar Lodbrok
2
ЛюЛюНдРа=
6
Ласт Перейро
2
_Фея Лана_
4
Зверь Это Я
3
DYNA
2
~Бармалей~
9
Ragnar Lodbrok
3
_Фея Лана_
11
StasLz42
2
Катберт
2
Mental1tet
4
ЛюЛюНдРа=
2
barantya
3
хранитель)
3
Очень синяя борода
1
~Мальвина~
8
*Милка
3
THE MECHANIC
9
Ruslan)
1
ЛюЛюНдРа=
2
Ragnar Lodbrok
3
*Kronos*
2
Очень синяя борода
2
*МАРТИНА*
2
Kseya
1
Chokkolatta
7
BarDuck
2
barantya
8
Катберт
1
DambLDoR
2
~Мальвина~
3
Очень синяя борода
1
Kseya
2
Очень синяя борода
1
Chokkolatta
1
Димсонхрендель
6
GoldGirl.
2
Katolik
8
BarDuck
1
Ruslan)
2
Chokkolatta
2
Kseya
1
T@nk
2
Jah Mason
1
Ruslan)
1
~Цветанка~
6
Sollia
2
Sollia
7
Зверь Это Я
1
|Marihuana|
1
DYNA
2
*МАРТИНА*
1
Chokkolatta
2
|Marihuana|
1
Mental1tet
1
DYNA
5
Kseya
1
#ОШИБКА!
6
-Шоколадка-
1
*МАРТИНА*
2
~КоВбоЙ ХаГиС~
1
#ОШИБКА!
2
zabu
1
~Мальвина~
1
~КоВбоЙ ХаГиС~
5
Jah Mason
1
Очень синяя борода
5
Jateed
1
dodid
2
-Шоколадка-
1
Jah Mason
1
Sollia
1
Jateed
1
Jah Mason
2
Катберт
1
Knowhere
5
_Фея Лана_
1
хранитель)
2
d_MIX_b
1
DYNA
1
*МАРТИНА*
1
метрономикс
1
Jateed
3
1
Jah Mason
1
Jateed
1
-Шоколадка-
1
~Цветанка~
3
-Шоколадка-
1
_Фея Лана_
1
*Kronos*
1
Jah Mason
2
~Мальвина~
1
DominosZ
2
Jateed
1
BarDuck
1
хранитель)
1
Sollia
1
